<?xml version="1.0"?>
<data grt_format="2.0">
  <value _ptr_="000001AFF928E2A0" type="list" content-type="object" content-struct-name="db.mgmt.Connection">
    <value type="object" struct-name="db.mgmt.Connection" id="{B1E276FC-0388-465D-8A5F-820F36EDF5DE}" struct-checksum="0x96ba47d8">
      <link type="object" struct-name="db.mgmt.Driver" key="driver">com.mysql.rdbms.mysql.driver.native</link>
      <value type="string" key="hostIdentifier">Mysql@localhost:3306</value>
      <value type="int" key="isDefault">0</value>
      <value _ptr_="000001AFFA7A9200" type="dict" key="modules"/>
      <value _ptr_="000001AFFA7A9560" type="dict" key="parameterValues">
        <value type="string" key="DbSqlEditor:LastDefaultSchema">workdados</value>
        <value type="string" key="hostName">localhost</value>
        <value type="int" key="lastConnected">1709518025</value>
        <value type="int" key="port">3306</value>
        <value type="string" key="serverVersion">8.0.36</value>
        <value type="string" key="userName">root</value>
      </value>
      <value type="string" key="name">Local instance MySQL80</value>
      <link type="object" struct-name="GrtObject" key="owner">{3DFC1457-26F5-40A4-BACF-02C3A5C2BAB0}</link>
    </value>
  </value>
</data>
