<?xml version="1.0"?>
<data grt_format="2.0">
  <value _ptr_="000001AFF928F340" type="list" content-type="object" content-struct-name="db.mgmt.ServerInstance">
    <value type="object" struct-name="db.mgmt.ServerInstance" id="{75F30530-554C-49F3-9704-D24F0E7E7F31}" struct-checksum="0x367436e2">
      <link type="object" struct-name="db.mgmt.Connection" key="connection">{B1E276FC-0388-465D-8A5F-820F36EDF5DE}</link>
      <value _ptr_="000001AFFA7A9320" type="dict" key="loginInfo">
        <value type="string" key="wmi.hostName"></value>
        <value type="string" key="wmi.userName"></value>
      </value>
      <value _ptr_="000001AFFA7AA220" type="dict" key="serverInfo">
        <value type="int" key="setupPending">1</value>
        <value type="string" key="sys.config.path">C:\ProgramData\MySQL\MySQL Server 8.0\my.ini</value>
        <value type="int" key="sys.config.path.lock">1</value>
        <value type="string" key="sys.config.section">mysqld</value>
        <value type="string" key="sys.mysqld.service_name">MySQL80</value>
        <value type="string" key="sys.preset">Custom</value>
        <value type="string" key="sys.system">Windows</value>
        <value type="int" key="windowsAdmin">1</value>
      </value>
      <value type="string" key="name">Local MySQL80</value>
    </value>
  </value>
</data>
